{"cameraMode":{"drawMode":0,"name":"Shaded","section":"Shading Mode"},"sceneLighting":false,"audioPlay":false,"sceneViewState":{"m_AlwaysRefresh":false,"showFog":false,"showSkybox":false,"showFlares":false,"showImageEffects":true,"showParticleSystems":true,"showVisualEffectGraphs":true,"m_FxEnabled":true},"in2DMode":false,"pivot":{"x":-1.1752970218658448,"y":1.1837576627731324,"z":-0.37031424045562746},"rotation":{"x":0.001333750900812447,"y":0.9866157174110413,"z":-0.16307590901851655,"w":0.007994761690497399},"size":0.9874581694602966,"orthographic":false}