{"cameraMode":{"drawMode":0,"name":"Shaded","section":"Shading Mode"},"sceneLighting":false,"audioPlay":false,"sceneViewState":{"m_AlwaysRefresh":false,"showFog":false,"showSkybox":false,"showFlares":false,"showImageEffects":true,"showParticleSystems":true,"showVisualEffectGraphs":true,"m_FxEnabled":true},"in2DMode":false,"pivot":{"x":1.8452115058898926,"y":1.2217795848846436,"z":-1.9590508937835694},"rotation":{"x":0.23396572470664979,"y":0.11634082347154618,"z":-0.02821110561490059,"w":0.9648476243019104},"size":0.898015022277832,"orthographic":false}