{"cameraMode":{"drawMode":0,"name":"Shaded","section":"Shading Mode"},"sceneLighting":true,"audioPlay":false,"sceneViewState":{"m_AlwaysRefresh":false,"showFog":false,"showSkybox":false,"showFlares":false,"showImageEffects":true,"showParticleSystems":true,"showVisualEffectGraphs":true,"m_FxEnabled":true},"in2DMode":false,"pivot":{"x":22.224746704101564,"y":22.854642868041993,"z":3.0226097106933595},"rotation":{"x":0.17935211956501008,"y":0.2731049358844757,"z":-0.05191104859113693,"w":0.9437357783317566},"size":74.56524658203125,"orthographic":false}