{"cameraMode":{"drawMode":0,"name":"Shaded","section":"Shading Mode"},"sceneLighting":true,"audioPlay":false,"sceneViewState":{"m_AlwaysRefresh":false,"showFog":false,"showSkybox":false,"showFlares":false,"showImageEffects":true,"showParticleSystems":true,"showVisualEffectGraphs":true,"m_FxEnabled":true},"in2DMode":false,"pivot":{"x":7.277754783630371,"y":-20.181453704833986,"z":68.12537384033203},"rotation":{"x":-0.09883151203393936,"y":-0.012529982253909111,"z":0.0012452800292521716,"w":-0.9950297474861145},"size":29.169754028320314,"orthographic":false}