{"cameraMode":{"drawMode":0,"name":"Shaded","section":"Shading Mode"},"sceneLighting":false,"audioPlay":false,"sceneViewState":{"m_AlwaysRefresh":false,"showFog":false,"showSkybox":false,"showFlares":false,"showImageEffects":true,"showParticleSystems":true,"showVisualEffectGraphs":true,"m_FxEnabled":true},"in2DMode":false,"pivot":{"x":3.303107261657715,"y":1.3844106197357178,"z":9.084163665771485},"rotation":{"x":0.14772191643714906,"y":-0.08476109057664871,"z":0.012684657238423825,"w":0.9853521585464478},"size":0.8177446722984314,"orthographic":false}