{"cameraMode":{"drawMode":0,"name":"Shaded","section":"Shading Mode"},"sceneLighting":false,"audioPlay":false,"sceneViewState":{"m_AlwaysRefresh":false,"showFog":false,"showSkybox":false,"showFlares":false,"showImageEffects":true,"showParticleSystems":true,"showVisualEffectGraphs":true,"m_FxEnabled":true},"in2DMode":false,"pivot":{"x":3.052591323852539,"y":1.2955162525177003,"z":9.059633255004883},"rotation":{"x":0.07501103729009628,"y":-0.07800991833209992,"z":0.00586262671276927,"w":0.9941525459289551},"size":1.7177445888519288,"orthographic":false}