{"cameraMode":{"drawMode":0,"name":"Shaded","section":"Shading Mode"},"sceneLighting":true,"audioPlay":false,"sceneViewState":{"m_AlwaysRefresh":false,"showFog":false,"showSkybox":false,"showFlares":false,"showImageEffects":true,"showParticleSystems":true,"showVisualEffectGraphs":true,"m_FxEnabled":true},"in2DMode":false,"pivot":{"x":-0.6415644884109497,"y":-0.09309792518615723,"z":-0.19402003288269044},"rotation":{"x":0.12904466688632966,"y":0.32073774933815,"z":-0.04414316266775131,"w":0.9373330473899841},"size":0.9978596568107605,"orthographic":false}